SA_Cover_thickness_50m_GDA94_NoData_dx,SA_Cover_thickness_50m_GDA94_NoData_dy,dem-9s_GDA94_SA_NoData_dx,dem-9s_GDA94_SA_NoData_dy,SA_CoverThickness_400m_GDA94_NoData_dx,SA_CoverThickness_400m_GDA94_NoData_dy
6.66473388671875,14.192639350891113,0.047405630350112915,-0.19634760916233063,0.0503539964556694,0.10264807194471359
-189.319091796875,-59.94257736206055,3.2830567359924316,-5.84194803237915,0.3703764081001282,1.071027159690857
9.284248352050781,137.77552795410156,-3.7295165061950684,-1.4408996105194092,-3.4807839393615723,-11.218263626098633
-7.989355564117432,49.53125,2.721853733062744,5.177149295806885,0.0800766721367836,-0.08584104478359222
82.5938949584961,119.77250671386719,1.5789543390274048,-1.7978546619415283,-6.07973575592041,-3.3753981590270996
-411.0289001464844,205.0404815673828,0.339560329914093,-1.4384227991104126,-0.34243088960647583,-0.6304877996444702
-212.40982055664062,772.87646484375,-2.203869581222534,0.3406356871128082,0.6529761552810669,1.596313238143921
